Principales ciudades,Miembros
"Ciudad de México, México",158
"Lima, Perú",155
"Bogotá, Colombia",130
"Santiago de Chile, Chile",78
"Buenos Aires, Argentina",37
"Medellín, Colombia",36
"Caracas, Distrito Capital, Venezuela",23
"Cali, Colombia",21
"San José, Provincia de San José, Costa Rica",19
"Quito, Ecuador",19
"La Paz, Bolivia, Bolivia",17
"San Salvador, El Salvador",15
"Asunción, Paraguay",15
"Córdoba, Provincia de Córdoba, Argentina",15
"Guadalajara, Jalisco, México",14
"Guatemala, Guatemala",13
"Querétaro, México",12
"Monterrey, Nuevo León, México",11
"Managua, Nicaragua",11
"Guayaquil, Ecuador",9
"Toluca de Lerdo, Estado de México, México",8
"Panamá, Panamá",7
"Madrid, España",7
"Arequipa, Perú",6
"Mérida, México",6
"Tegucigalpa, Honduras",6
"La Habana, Cuba",6
"Cochabamba, Bolivia",6
"Bucaramanga, Santander, Colombia",5
"Santo Domingo, República Dominicana",5
"Cartago, Provincia de Cartago, Costa Rica",5
"Montevideo, Departamento de Montevideo, Uruguay",5
"Puebla de Zaragoza, México",5
"Barranquilla, Colombia",4
"Cúcuta, Colombia",4
"Santa Cruz de la Sierra, Bolivia",4
"Zapopan, Jalisco, México",4
"Piura, Peru",4
"Coacalco de Berriozábal, State of Mexico, Mexico",4
"Manizales, Colombia",4
"Heredia, Provincia de Heredia, Costa Rica",4
"Nezahualcóyotl, Estado de México, México",3
"Huancayo, Perú",3
"Trujillo, Perú",3
"Tuxtla Gutiérrez, Chiapas, México",3
"Encarnación, Paraguay",3
"Rosario, Santa Fe, Argentina",3
"Oruro, Bolivia",3
"Tijuana, Península de Baja California, México",3
"Santa Tecla, El Salvador",3
"Lanús, Provincia de Buenos Aires, Argentina",3
"Ecatepec de Morelos, Estado de México, México",3
"León, México",3
"Tuluá, Colombia",3
"Mendoza, Provincia de Mendoza, Argentina",3
"Cuautla de Morelos, Morelos, México",3
"Concepción, Chile",3
"Cuautitlán Izcalli, Estado de México, México",3
"Alajuela, Provincia de Alajuela, Costa Rica",3
"Pereira, Colombia",3
"Veracruz, Veracruz de Ignacio de la Llave, México",3
"Gómez Palacio, México",2
"Orizaba, Veracruz de Ignacio de la Llave, México",2
"Ica, Perú",2
"Hermosillo, Sonora, México",2
"Chimbote, Perú",2
"Pachuca de Soto, México",2
"Armenia, Colombia",2
"Chihuahua, México",2
"Villavicencio, Meta, Colombia",2
"Tepotzotlán, Estado de México, México",2
"Celaya, México",2
"São Paulo, Estado de São Paulo, Brasil",2
"Pasto, Colombia",2
"San Luis Potosí, México",2
"San Nicolás de los Garza, Nuevo León, México",2
"Morelia, México",2
"Huaraz, Perú",2
"Diriamba, Nicaragua",2
"Popayán, Colombia",2
"Ciudad del Este, Paraguay",2
"Duitama, Colombia",2
"La Plata, Provincia de Buenos Aires, Argentina",2
"Naucalpan de Juárez, Estado de México, México",2
"Caguas, Puerto Rico",2
"Valledupar, Colombia",2
"San Lorenzo, Paraguay",2
"Soyapango, El Salvador",2
"Berlín, Alemania",2
"Valparaíso, Chile",2
"Ciudad Juárez, México",2
"Sincelejo, Sucre, Colombia",2
"Ayacucho, Perú",1
"Puno, Perú",1
"Los Mochis, Sinaloa, México",1
"Chilpancingo de los Bravo, México",1
"San Miguel de Tucumán, Provincia de Tucumán, Argentina",1
"Ferreñafe, Perú",1
"Punto Fijo, Falcón, Venezuela",1




































































































































































































































































































































































































































































































































































































































































































































































































































































































































